{
  "random_forest": {
    "accuracy": 0.9915052667346246,
    "f1_score": 0.9912174031932598,
    "cohen_kappa": 0.9822318874529232
  },
  "xgboost": {
    "accuracy": 0.9884471627590894,
    "f1_score": 0.9883703888280058,
    "cohen_kappa": 0.9759350475721844
  }
}