,accuracy,precision,recall,f1_score,cohen_kappa,matthews_corrcoef
Random Forest,0.9870848708487084,0.9866737098344421,0.9870848708487084,0.9867653228480043,0.9722668167601553,0.9722797857676689
XGBoost,0.9861623616236163,0.9857640797583914,0.9861623616236163,0.985781146730415,0.9702758532438805,0.9702942058318295
Logistic Regression,1.0,1.0,1.0,1.0,1.0,1.0
SVM,1.0,1.0,1.0,1.0,1.0,1.0
