{
  "random_forest": {
    "accuracy": 0.9870848708487084,
    "precision": 0.9866737098344421,
    "recall": 0.9870848708487084,
    "f1_score": 0.9867653228480043,
    "cohen_kappa": 0.9722668167601553,
    "matthews_corrcoef": 0.9722797857676689
  },
  "xgboost": {
    "accuracy": 0.9861623616236163,
    "precision": 0.9857640797583914,
    "recall": 0.9861623616236163,
    "f1_score": 0.985781146730415,
    "cohen_kappa": 0.9702758532438805,
    "matthews_corrcoef": 0.9702942058318295
  }
}